Date,Fertilizer,Usage (kg/ha),Soil pH,Organic Matter (%),Emissions Factor (kg CO2e/kg),GHG Emissions (kg CO2e/ha)
2010-01-31,Urea,52.483570765056164,6.654961976175859,1.5518828888901097,0.025394846683721467,1.3328122329928476
2010-02-28,Urea,51.05627039982206,5.71253392496172,3.4989191756391227,0.027676353385849006,1.4130513821489377
2010-03-31,Urea,56.733194140640975,7.0740477549211676,2.9164681379285584,0.04275246476112548,2.4254838832838437
2010-04-30,Urea,62.85619608686727,6.387771163257963,2.2296064323599305,0.026049135293873975,1.6373495559250775
2010-05-31,Urea,55.8152803322566,6.177668631959367,1.8387969610829868,0.010699868491271176,0.5972161593585802
2010-06-30,Urea,57.55863870003329,5.502553739708651,1.6707562392240278,0.023835821193073994,1.3719574201707425
2010-07-31,Urea,68.36651267469567,7.440041989758779,3.2673159044088043,0.02300477738622836,1.5727564047541334
2010-08-31,Urea,66.04617179461746,5.728204995845433,1.98249707811374,0.027822694987679794,1.837582492945542
2010-09-30,Urea,61.597178989107,6.0815349187609815,3.2628169744134885,0.0206581581633367,1.2724842659723328
2010-10-31,Urea,68.38948959581633,5.981408567560498,3.2890981148690246,0.03151076362123586,2.1550050408307375
2010-11-30,Urea,65.08791173946129,6.251928454496679,3.135947202319837,0.03543259496071914,2.3062336135033683
2010-12-31,Urea,66.80042602082503,6.374098043272488,2.323582822395636,0.03600768122186936,2.405328445642935
2011-01-31,Urea,72.05832110318676,7.240758373136891,2.363667057104777,0.019293193891425163,1.3902351605343557
2011-02-28,Urea,62.99650617828834,5.996861821894753,1.9180214538110083,0.012703133764399408,0.8002530446726106
2011-03-31,Urea,65.6472871287172,6.270293428581121,1.9239943749612078,0.02214247006524009,1.4535930901118415
2011-04-30,Urea,73.1635939904259,6.924366869024453,1.8923808002042053,0.0123683159693597,0.904910447927534
2011-05-31,Urea,72.6078402203694,7.4764183192399924,2.4322768302922366,0.022722316015353308,1.6498182906795136
2011-06-30,Urea,80.93363552239045,6.053312742515031,2.7210664886462848,0.0464890926021237,3.762531276426938
2011-07-31,Urea,76.50575846634595,6.700201570536334,2.421295165032938,0.012629144317051524,0.9662022647569695
2011-08-31,Urea,75.66056389335162,5.553458595738105,1.6742580403830816,0.0300799398488166,2.275865210839562
2011-09-30,Urea,91.71890896114914,7.070451196226907,2.475996496413017,0.044156916460668036,4.050024200861079
2011-10-31,Urea,84.92241046879745,6.165702369921587,3.350326252713132,0.02532810765189672,2.1509239544122627
2011-11-30,Urea,88.0412787668573,6.8091929162782385,3.1711224944307537,0.02114463008064784,1.861600271352393
2011-12-31,Urea,82.22364648361558,5.7508466787568535,2.9239308876621415,0.042800576167691125,3.5192194441072973
2012-01-31,Urea,88.26032293433525,6.6229263609039055,2.5352577086415256,0.01614189283922266,1.4246886747612257
2012-02-29,Urea,93.16250465614809,5.979779670165419,2.395768794397292,0.029628940246941203,2.7603062837123935
2012-03-31,Urea,88.46910284378559,6.014322573049197,2.7962211237230346,0.02787287965130178,2.4658886564234757
2012-04-30,Urea,97.70899325743123,6.925959911363092,1.7276556001418162,0.04797844093763013,4.687925162076965
2012-05-31,Urea,94.42373710902078,6.196958528394536,1.9539805255773977,0.011992936263420496,1.1324178609024589
2012-06-30,Urea,97.55463803343073,6.9293995835149556,2.6716385506985874,0.03348772810937154,3.2668831942716845
2012-07-31,Urea,97.58026527806012,6.9934556940076975,2.6713783578525443,0.02502097297548944,2.441553180463433
2012-08-31,Urea,111.4151755708082,7.093071361218989,2.547218604246282,0.01573463921546358,1.7530775907341984
2012-09-30,Urea,103.64037219391113,6.2715499619362625,1.8140695506274787,0.03241572822772869,3.3595781384584726
2012-10-31,Urea,99.9622707547959,5.913324569028563,1.6135239805368986,0.016145073147341565,1.6138981733105422
2012-11-30,Urea,110.89523019032399,6.4171466173573375,3.1335292161348596,0.030712101540711897,3.4058255699858497
2012-12-31,Urea,102.19851439941371,5.504302020121609,2.3849272028963027,0.02579425433948109,2.636134473535598
2013-01-31,Urea,110.85567218425444,6.353292769834909,1.657580624492112,0.02893413868483896,3.207513392980263
2013-02-28,Urea,101.50988173944023,5.966652378494923,2.763911366695448,0.025512058570004013,2.58972604837078
2013-03-31,Urea,106.15231337057489,5.550427876617758,2.4576732159141983,0.023233019005057982,2.466238713969437
2013-04-30,Urea,115.25058529419098,6.978496967465794,2.091286863709943,0.01955925637480752,2.2542157451157028
2013-05-31,Urea,119.41957764915865,6.8715632795984884,2.5264834409985886,0.044934292519435315,5.366034234634714
2013-06-30,Urea,118.0329026850518,6.219894863303493,1.5359500727040707,0.047676979901180264,5.62745232899318
2013-07-31,Urea,118.03442302133192,6.82414232459744,2.3920292622673855,0.015411166485784899,1.819048144235308
2013-08-31,Urea,118.53148650923805,6.895344380826193,1.532545442278624,0.013958579303447662,1.6545311543947359
2013-09-30,Urea,114.05643887195527,7.39490101779233,2.2455609298082964,0.04115187878658554,4.6936367472883065
2013-10-31,Urea,119.24955593357866,5.950095209058134,3.4719672109095674,0.016385226294849602,1.9539309595320116
2013-11-30,Urea,121.93299179298728,6.828569958714078,2.9656283923509608,0.033479305869721726,4.08223192784769
2013-12-31,Urea,130.89689735445324,6.621172311336215,2.6011206667589537,0.025080102570575205,3.2829076118197418
2014-01-31,Urea,128.6921966964945,6.044217659021851,2.2184392011420515,0.04424046594412918,5.693402745226439
2014-02-28,Urea,119.50948362404898,7.064078895632909,2.434354406869887,0.04877907211529509,5.829561720159163
2014-03-31,Urea,131.28350028362718,7.3742489463460075,1.647056253782381,0.027464402162437493,3.6056228490820135
2014-04-30,Urea,129.06395372014856,7.166482951706152,2.324503214086035,0.04306756051999012,5.558469637791702
2014-05-31,Urea,128.9190151433977,6.233845516661878,2.7813551629650615,0.045257713669817595,5.834579873954771
2014-06-30,Urea,136.66434345061276,5.513625555566027,2.2169146631125267,0.021180192489674524,2.8945771007589682
2014-07-31,Urea,140.05148951009548,6.864332000444767,3.1856147531086862,0.049352766827371504,6.911928505617809
2014-08-31,Urea,140.83174615120626,6.9864425607332175,2.148849930394719,0.03384666370437836,4.76668475088026
2014-09-30,Urea,133.24658048646492,5.5002931409522455,3.0378147888685882,0.047377715589649934,6.312918593581133
2014-10-31,Urea,137.15255698763522,7.460068511845401,2.5290438095282135,0.014174458591694613,1.9440632397662712
2014-11-30,Urea,141.59968834398313,6.3921159489862625,2.9477886767320483,0.03569023071199907,5.053725545743923
2014-12-31,Urea,146.0548378332444,6.27875863625607,1.9302688020545606,0.043622865919081925,6.371330607632874
2015-01-31,Urea,140.0041714103813,6.66573771413838,2.4615694910129866,0.011095106435727309,1.5533611832439909
2015-02-28,Urea,142.68408152890657,6.995464600733916,2.6278311289123506,0.04264886985145037,6.08531482300007
2015-03-31,Urea,139.28266583974013,6.230933760601142,2.7436899181647645,0.022349169212533795,3.1128518672251526
2015-04-30,Urea,140.025142221317,5.690591226248825,3.4879407273649705,0.01059049565678646,1.482935660535764
2015-05-31,Urea,151.25076174922697,7.2779195028205255,2.5347443865153014,0.030266205268158444,4.577786602067431
2015-06-30,Urea,155.14167723724424,6.59168110226441,2.8345863305397523,0.027702390418922557,4.29779531307261
2015-07-31,Urea,149.16343444620668,7.297908080503903,3.2453875873922726,0.012776456946895803,1.905780198253074
2015-08-31,Urea,155.69510884937804,7.410419455026125,1.7839182369991502,0.014947128720624852,2.327194833143351
2015-09-30,Urea,153.63083412846433,6.472751870257513,3.2211374466295046,0.029631099542202118,4.552250538812069
2015-10-31,Urea,149.73382498195843,6.734077199357927,3.156477984658877,0.04676585078167113,7.002429716075129
2015-11-30,Urea,155.89505181159228,6.042885030208175,2.132569030951429,0.03993630298548377,6.22587202308544
2015-12-31,Urea,162.89911709507385,5.924715159204657,2.5800124123366803,0.04195088967927331,6.833762890106468
2016-01-31,Urea,156.1432147645254,5.717165898017263,1.637159952612258,0.03835241614667389,5.988469551128553
2016-02-29,Urea,165.25187310221943,6.855838725340236,2.046316023013013,0.04653457241229389,7.689925255142431
2016-03-31,Urea,145.4294960268191,6.840669850553391,1.6000488060130846,0.017028218751087086,2.4764052712050257
2016-04-30,Urea,163.73092365712344,6.726095075269573,1.5052629531114037,0.044726175902069974,7.323058092096893
2016-05-31,Urea,161.14383278769824,7.485158323365553,1.6697540665578225,0.027942022272490423,4.5026845648283365
2016-06-30,Urea,160.29512498414724,5.715279843096635,1.6695121495296341,0.043708274222546716,7.006223279344507
2016-07-31,Urea,163.32529606956524,5.731174390361769,3.254164995168918,0.019183390904879194,3.1331329991575996
2016-08-31,Urea,154.00013885453558,7.044617325846884,2.3885635356195065,0.012959748702237994,1.9958030996645382
2016-09-30,Urea,163.9066766109291,5.631032275023584,2.6642110116845825,0.026880973299919113,4.405970997656862
2016-10-31,Urea,167.8536189722166,7.337044447080729,2.7017819692926484,0.038234329059444676,6.417770501602375
2016-11-30,Urea,174.51692487300426,7.319591829454843,1.574019173200838,0.02309230135380889,4.029997420507441
2016-12-31,Urea,165.5922960525062,7.395086803662307,3.338805320393413,0.027783695419728048,4.600765917376267
2017-01-31,Urea,165.19458502359305,6.979148207666801,3.442202433585954,0.017511497433910478,2.892804551736556
2017-02-28,Urea,167.77930998667424,5.731842312581459,1.7210084417131741,0.02140135547650264,3.5907046546271446
2017-03-31,Urea,175.91421001684682,6.317427773759494,2.885491593176317,0.016260591019797505,2.8604690236547117
2017-04-30,Urea,174.02854942996095,7.400793010513506,2.0304234361256794,0.012433403490785278,2.1637671739787745
2017-05-31,Urea,170.7825075781548,7.4129703031481435,2.279703100376233,0.024274751085851677,4.145702861277285
2017-06-30,Urea,177.043512102533,7.308178487325016,1.9044225532518368,0.01399914883273056,2.4784584757926935
2017-07-31,Urea,176.008212809774,6.578036063870534,2.093664228453786,0.025992586449173787,4.574908687222628
2017-08-31,Urea,181.4119163556745,7.393221859597011,2.6143899633600203,0.024988318379317507,4.533178723697711
2017-09-30,Urea,174.10494064895073,7.468813436764577,2.9231806793857023,0.040308465416973326,7.017902979072424
2017-10-31,Urea,177.0244898386747,6.745638952361286,2.9212821495288734,0.02959078433672594,5.238293501135155
2017-11-30,Urea,177.75136402974232,6.213865467015456,2.75381693902038,0.04883312464392836,8.68015451529269
2017-12-31,Urea,173.44537222128042,6.3899688077085965,1.9920149819991775,0.023728176105071556,4.115542336676228
2018-01-31,Urea,183.29695424144842,6.943040045144188,1.730282274735512,0.035968742000814076,6.592960856645681
2018-02-28,Urea,184.17782171160277,7.178329059155242,2.2159874404108733,0.03546126018924573,6.531177656803657
2018-03-31,Urea,183.95751116855445,5.949451111961305,2.180794468768018,0.028647826296349065,5.269982825865441
2018-04-30,Urea,183.8220282830076,6.768180536287952,3.2152575113948205,0.04591975585472653,8.441062659476344
2018-05-31,Urea,178.9851628622079,5.99127440882651,3.340986432145635,0.030758073808903837,5.5052388500144644
2018-06-30,Urea,185.03028119928547,6.1609110985567614,3.301981509373787,0.02913441267419597,5.390748569682507
2018-07-31,Urea,186.49626568088962,5.764544264753366,2.078178439838915,0.047895573499702145,8.932345600339028
2018-08-31,Urea,185.28001620738453,5.998513107036578,2.561961899611793,0.014673119237552955,2.7186357701466974
2018-09-30,Urea,189.57216030642263,5.8613303855406915,1.7768811991815363,0.013870176538301929,2.6293993301973555
2018-10-31,Urea,193.4920327368049,5.772522351441891,2.9389305792529834,0.02441932474242285,4.724944782471552
2018-11-30,Urea,202.00227468290322,6.6165827270302575,1.5713838794915678,0.038505502790726336,7.778199151535598
2018-12-31,Urea,194.55054410408405,7.422284543082031,3.0147407288662715,0.03244669917627955,6.312522979126722
2019-01-31,Urea,196.07881769086978,7.2886894106475575,2.0460094178719546,0.04270827878714022,8.374188810194509
2019-02-28,Urea,195.53969663711896,6.458166834729427,2.981465847959951,0.04128148970635302,8.07216997390862
2019-03-31,Urea,187.44672016852073,5.920912765994693,2.780368672401936,0.015378529479095859,2.882654911871428
2019-04-30,Urea,198.04477661952777,7.464946920284748,2.4223111131315056,0.047434668746905925,9.39418837600228
2019-05-31,Urea,199.6237066897872,7.242003854888104,2.5869313694756357,0.028369602181979835,5.66324514488149
2019-06-30,Urea,212.7927255083181,7.243111871374275,1.9099671332771642,0.027705518349086605,5.8955327611228565
2019-07-31,Urea,200.67771808170426,6.557471534053706,2.1918372054457853,0.01912557196296535,3.8380761385353077
2019-08-31,Urea,204.31960407441207,5.609188424283818,1.9751565935618172,0.046041599930019994,9.407201468654163
2019-09-30,Urea,203.8202658097534,6.466697649803706,1.9722478173637246,0.012461966781213047,2.5400013818591605
2019-10-31,Urea,199.34226910213206,5.538551178721916,2.063934394652989,0.04509000684335491,8.98834427798503
2019-11-30,Urea,212.10173766034944,6.069849094199499,3.325049192179446,0.022019381964686034,4.670349176916867
2019-12-31,Urea,211.35962256382612,6.52637561072652,2.955820686268461,0.015944457000170636,3.370014413541221
2020-01-31,Urea,212.77804753758264,7.224185878887659,3.1320353458132857,0.016367533913718472,3.482651909166185
2020-02-29,Urea,205.50969153906095,6.078743055508171,3.387773694157205,0.04862018772522552,9.991919781982334
2020-03-31,Urea,218.3153526877892,5.793631603995792,3.3035035980887306,0.04848437624054891,10.584883698802901
2020-04-30,Urea,205.54807658346044,5.750063855264577,3.4535482342949138,0.015822081597105568,3.2521984398316155
2020-05-31,Urea,216.75893991337608,6.930402113123335,2.4941366048209055,0.029420018714052185,6.377052068689637
2020-06-30,Urea,226.05578623143413,5.604701974945927,2.663711389483971,0.024645622928526588,5.571285668271538
2020-07-31,Urea,211.44135636793814,5.646674951180968,3.1744949136590948,0.03369106271317147,7.123683997550241
2020-08-31,Urea,214.86488620705865,6.170293680263772,1.514880823045633,0.04324002932825788,9.290763981206007
2020-09-30,Urea,219.50889170320806,5.850302039525182,3.465017026960957,0.043259456300591956,9.495835308226301
2020-10-31,Urea,217.81954129276582,7.437417176316856,1.8104413782699436,0.01311492364230491,2.856686651856505
2020-11-30,Urea,213.92199844380667,6.169701632930994,2.765602491709534,0.012031527152320197,2.573808332755259
2020-12-31,Urea,223.36870962537793,5.607769589325796,1.5361955552944846,0.01704779292783435,3.8079435082510025
2021-01-31,Urea,219.07719520801078,6.117086876283977,2.9110316444512185,0.01432532284318944,3.138351548935189
2021-02-28,Urea,228.1317765053897,5.9909297636288015,1.527639213966269,0.0174985661665052,3.991978985861938
2021-03-31,Urea,222.55410185327875,6.180460789302067,2.481056081965521,0.03752814955267801,8.352043617911779
2021-04-30,Urea,236.3006232012953,7.477229506046225,2.8490022360558775,0.04526815258812685,10.696892667745704
2021-05-31,Urea,226.04672855113435,6.579114412301781,3.152069247785329,0.02876571576719253,6.502395943605655
2021-06-30,Urea,229.7770279856985,6.679606053111011,3.2286917577975123,0.019277222576539837,4.429462911456133
2021-07-31,Urea,236.89152480774638,5.702665856713371,3.080139026290542,0.03153065347583949,7.469344580076285
2021-08-31,Urea,228.11843366864858,5.733154874399228,3.1091673670996585,0.03563404310013271,8.128782097283388
2021-09-30,Urea,236.87102055817527,6.262827234629743,1.5382126628184178,0.02778937587815391,6.582497824933054
2021-10-31,Urea,243.74247015634506,6.239673238854774,2.6732837692236875,0.048417649303627686,11.801437440429853
2021-11-30,Urea,230.65435146835478,6.963611883494611,1.9358119706730441,0.026554634694473965,6.124942043932966
2021-12-31,Urea,241.11181508343086,6.033497137657337,2.4436403976933327,0.03333680066766724,8.037896518055778
2022-01-31,Urea,242.9966813219733,5.886615571071721,2.277114580473423,0.04297335558113774,10.44238279148557
2022-02-28,Urea,247.1266087290785,7.326570361992309,2.6586420917702975,0.03275894705049513,8.09560749012431
2022-03-31,Urea,238.5644210460342,7.22766725081122,3.029528471493612,0.04607950603437069,10.992930679176883
2022-04-30,Urea,239.6898586169778,6.800246360161309,2.717933409082271,0.03075322950975981,7.371237233209799
2022-05-31,Urea,250.455923179821,6.74647056812454,2.832369930171116,0.04303108143230404,10.777389225553764
2022-06-30,Urea,250.8961250269588,6.819200518472201,3.2142560992393148,0.04770346589009152,11.968614742179668
2022-07-31,Urea,252.23935746933225,6.142621838369314,2.112149705975223,0.04434819711670949,11.186360745642094
2022-08-31,Urea,254.30531048887008,5.895175427420954,3.4098809749317995,0.04489115632524721,11.416059447496396
2022-09-30,Urea,250.76937322640464,7.404349361464058,2.80100381458727,0.04264402993105666,10.693816657659118
2022-10-31,Urea,256.9371977549079,6.2042649869765345,2.1364553172409027,0.04427582308573595,11.376105911941055
2022-11-30,Urea,258.85747065889467,6.021537321335792,3.0173007551915614,0.01963015048187671,5.081411102392088
2022-12-31,Urea,255.44600635290698,6.09445078800114,2.7339372113398372,0.014555131908783193,3.7180503180384306
2023-01-31,Urea,269.9814851410409,6.132920641980689,3.2423230656765334,0.0363550526616436,9.81519110997129
2023-02-28,Urea,264.66552686114125,6.306175626095054,1.9001032203184973,0.02443338278722583,6.466674128381064
2023-03-31,Urea,257.99219054275665,5.606309626334079,2.1525928859493058,0.013170160595075586,3.3977985817234457
2023-04-30,Urea,268.89210292662773,7.216855923764359,3.001475493324942,0.03233687349349134,8.695129915737214
2023-05-31,Urea,262.40450924883527,6.202868534950146,3.1340658735737996,0.020017759978022423,5.25275048329395
2023-06-30,Urea,272.88954417476026,6.1100077588693305,3.052596368015815,0.04651246225110652,12.692764622150202
2023-07-31,Urea,276.430579035623,7.150086703780945,2.8568273701668154,0.012764347961525258,3.528456098016601
2023-08-31,Urea,268.2245925861999,7.375656370196902,2.297127031408709,0.037584742020458,10.081152115894774
2023-09-30,Urea,278.8418490095908,5.899074542477868,2.7437075376692084,0.0272570823826389,7.600415250181775
2023-10-31,Urea,277.79202834340015,7.200971403632666,2.660233197141992,0.04865832791360648,13.51689560691903
2023-11-30,Urea,281.5473933983951,7.093677873499258,2.8833282097856654,0.04643100257943226,13.072527749113313
2023-12-31,Urea,288.6354551679131,6.156743127117597,2.695460770251348,0.043269197537225544,12.489024525907439
2024-01-31,Urea,279.64398463130937,7.109457645112814,2.660009256298856,0.012662276118141795,3.5409293481790396
2024-02-29,Urea,278.82631897468895,5.949913034476259,3.2194934807439655,0.03039057609766521,8.473692464832158
2024-03-31,Urea,279.8757384739859,6.81558609576011,3.4520386956941893,0.03917335321699897,10.963671160109877
2024-04-30,Urea,281.97639765639104,5.57594765888839,3.0627786476321903,0.020349089945995522,5.737963078557702
2024-05-31,Urea,287.4054933040765,6.028565622338844,1.5604052901415453,0.014438732508020337,4.149771039153191
2024-06-30,Urea,291.2353112769245,6.646456937955412,2.4180422974833737,0.035630186290296705,10.37676839510937
2024-07-31,Urea,292.6541305118709,7.43224739119994,1.9499755414665858,0.010283595710162694,3.0095367610932686
2024-08-31,Urea,297.1498690393068,6.057164489465995,3.0969746337885597,0.04065638823119848,12.081040438511842
2024-09-30,Urea,294.82396265456237,7.273629922979195,2.2850475200115223,0.023380217739271982,6.893048441618659
2024-10-31,Urea,303.77291893564905,6.384574454455261,3.0223114933435453,0.022380935133781324,6.798721994098174
2024-11-30,Urea,296.92912392813224,7.1711660115717315,3.476144596866369,0.026656411963165205,7.9150650512900285
2024-12-31,Urea,313.6008458329481,7.063600746056433,2.63740238256445,0.04895104965101931,15.351090574970295
2010-01-31,Ammonium Nitrate,53.128336738825034,5.874452060117449,2.750541028629779,0.0459871262351846,2.4432195282737426
2010-02-28,Ammonium Nitrate,47.46180412359657,7.097846992044376,3.2382901511252262,0.02716946773572982,1.2895119558155856
2010-03-31,Ammonium Nitrate,48.14028895983195,5.514766140710778,2.967319319186516,0.03728012450692039,1.7946759662216603
2010-04-30,Ammonium Nitrate,57.65340888104307,6.486015116479868,2.363264443722774,0.014180909913152906,0.8175777975282414
2010-05-31,Ammonium Nitrate,55.868733279244026,6.481086220170511,2.0355072849552602,0.02149358387478431,1.200819304715385
2010-06-30,Ammonium Nitrate,62.29932595523965,6.0756734700019965,2.0531404311724293,0.03554632552814723,2.2145121205891005
2010-07-31,Ammonium Nitrate,62.83663672002644,7.35709297011335,2.8153760202518843,0.025192350313466838,1.58300256477096
2010-08-31,Ammonium Nitrate,61.84485358556856,6.997594249770185,2.0201308830910296,0.037615917021027526,2.3263508806523436
2010-09-30,Ammonium Nitrate,59.710582328439735,5.8174455409102785,2.6030354105886175,0.03310492818216575,1.976714539698293
2010-10-31,Ammonium Nitrate,58.10245325445718,7.1840901882858255,2.6076473171876544,0.021476148360531147,1.2478169062035482
2010-11-30,Ammonium Nitrate,65.17242544318849,6.630243118643687,2.2810257165545664,0.011192507742950508,0.7294428763997518
2010-12-31,Ammonium Nitrate,73.41106876029367,6.26634856791361,3.4616425829749042,0.0399662692941021,2.933966543241743
2011-01-31,Ammonium Nitrate,71.9189784660076,6.106058315946258,2.714557090579542,0.014676233774742604,1.0554997408078068
2011-02-28,Ammonium Nitrate,66.3342135080174,6.088851630505913,1.8991671946280144,0.044738323098638746,2.9676814764157693
2011-03-31,Ammonium Nitrate,75.13778092053826,6.450764984477248,3.420239896256297,0.044838547655560196,3.3690689705385966
2011-04-30,Ammonium Nitrate,77.90161853527495,6.2621971189205095,3.1727646700713326,0.03629514318839539,2.827450399345561
2011-05-31,Ammonium Nitrate,73.25270864103584,7.254473331989189,3.299619253686365,0.018293509881118178,1.34004914934346
2011-06-30,Ammonium Nitrate,80.13102438914171,7.433740009336956,3.227390466468915,0.04381897437233491,3.5112593041367446
2011-07-31,Ammonium Nitrate,81.33692243618201,6.549404788645537,1.9642779550360088,0.0252290912998515,2.052056642191376
2011-08-31,Ammonium Nitrate,77.00723091087497,6.803869374606122,1.8797868331547156,0.03152429575396789,2.4275987224285203
2011-09-30,Ammonium Nitrate,86.17960191828278,7.332107604470954,2.081889250206742,0.04682655714732658,4.035494054160324
2011-10-31,Ammonium Nitrate,88.8552146030713,7.046944464720953,1.8869010165251885,0.04559718542408283,4.051547696152914
2011-11-30,Ammonium Nitrate,93.11889395929407,6.472216898747979,2.550065579302238,0.046452851101649,4.32563811584133
2011-12-31,Ammonium Nitrate,94.61639767485738,7.259081912095467,1.6125187446349072,0.03149730176190695,2.9801612291895743
2012-01-31,Ammonium Nitrate,84.09388971717571,5.79896325231223,2.239838565735603,0.023212385352395185,1.9520197738969056
2012-02-29,Ammonium Nitrate,87.91876650802314,6.669917942467039,3.0559959454147645,0.045042814611247615,3.9601087006704523
2012-03-31,Ammonium Nitrate,96.79924706694041,5.647352460548057,2.715277098092751,0.018192876726446483,1.7610567691016832
2012-04-30,Ammonium Nitrate,98.3994329202639,6.6914467076348885,1.5081452894377063,0.011154074152051604,1.0975545713124513
2012-05-31,Ammonium Nitrate,100.00216899014504,5.822695713960059,2.973155249467417,0.01733832872492681,1.7338704791568167
2012-06-30,Ammonium Nitrate,118.27676423567073,6.5399067689628785,3.4863945507073453,0.026272799149549678,3.1074616708224174
2012-07-31,Ammonium Nitrate,103.44325089267295,5.760683695260141,2.826002594008877,0.01254998173449752,1.2982109092600898
2012-08-31,Ammonium Nitrate,107.8316128491665,6.14744054559173,3.184033209080165,0.04290579031930792,4.626600570699128
2012-09-30,Ammonium Nitrate,108.47786713506682,6.268885833122052,2.1728702672987317,0.03137220581016222,3.4031899736087485
2012-10-31,Ammonium Nitrate,108.5077816561044,6.187847632148214,3.42974293424896,0.04730856743230987,5.133347705408171
2012-11-30,Ammonium Nitrate,105.20615940660632,6.448047275195197,2.2595053190777694,0.03557606120864089,3.742820766575457
2012-12-31,Ammonium Nitrate,112.09757875173516,6.194652247046782,2.9806874891921677,0.03378694739723071,3.7874349966418026
2013-01-31,Ammonium Nitrate,105.94722813654282,5.867296505016505,3.0812525358525065,0.014333737632894299,1.5186197710416014
2013-02-28,Ammonium Nitrate,110.12413932513905,7.344731041807481,2.8111239860266175,0.03672590353486961,4.044408517715598
2013-03-31,Ammonium Nitrate,110.36642587592152,7.059866338010068,2.373319012642708,0.049593209755203115,5.473425308396653
2013-04-30,Ammonium Nitrate,114.67564981177698,5.508016662891791,3.4937953160914166,0.045465836046033554,5.213824292814611
2013-05-31,Ammonium Nitrate,127.30053758254915,7.461837171358063,2.40719048634425,0.03619925206457313,4.608184247906362
2013-06-30,Ammonium Nitrate,107.8397353161432,6.321485617926728,2.073799171437016,0.01206293665882793,1.3008638964234047
2013-07-31,Ammonium Nitrate,122.0439653851457,6.896119777992418,3.4462110602658216,0.03536532840558916,4.316124915766033
2013-08-31,Ammonium Nitrate,111.97342563123622,7.49277705157014,2.9788515926312895,0.04383902303606187,4.908805585674525
2013-09-30,Ammonium Nitrate,119.08938949484522,5.695819538141081,2.6178011750728647,0.027874517573990433,3.319559280349855
2013-10-31,Ammonium Nitrate,128.29352996038904,6.124214150700425,2.723074908522726,0.034894616434496366,4.476753518995343
2013-11-30,Ammonium Nitrate,124.55758574326353,6.6821666738875365,1.7892405462310805,0.012429617330650053,1.5482031264183984
2013-12-31,Ammonium Nitrate,120.22256233371215,7.243247083554192,1.9077959729560618,0.019151105795432194,2.302395010250863
2014-01-31,Ammonium Nitrate,123.39758670235236,7.090142142405254,1.6989721341655364,0.026391752120665822,3.2566785205368523
2014-02-28,Ammonium Nitrate,131.72267314553602,5.983255203570841,3.46890873015282,0.028280678573353223,3.7252065800517706
2014-03-31,Ammonium Nitrate,126.0112472780675,6.4405909982777505,2.322311423627727,0.042825254117292,5.3964636863201605
2014-04-30,Ammonium Nitrate,132.07165807014002,5.964923433540325,1.9516439829585173,0.02305637297219373,3.0450934075211884
2014-05-31,Ammonium Nitrate,132.53148434444654,5.628855219191081,2.1807888001816425,0.026930295583841947,3.569112047561267
2014-06-30,Ammonium Nitrate,130.34796026837932,6.897531894968894,2.271025497156141,0.010313333504524907,1.3443219858823579
2014-07-31,Ammonium Nitrate,145.61621234424237,6.369325054063895,1.8459118717438052,0.01960341794655857,2.8545754703790043
2014-08-31,Ammonium Nitrate,139.34494066721533,6.457206898039373,2.7287175981948404,0.03436874920367427,4.789111318592395
2014-09-30,Ammonium Nitrate,127.31695516929008,6.5572217133611,3.3674360953638507,0.03390739541736528,4.316986342260088
2014-10-31,Ammonium Nitrate,139.63089044073845,6.045626896791461,3.1344536865555597,0.016670095753335144,2.3276603137705587
2014-11-30,Ammonium Nitrate,136.6344388631234,6.894453202030388,2.7076387235884605,0.013021613176627388,1.7792008094811367
2014-12-31,Ammonium Nitrate,145.4392788716137,7.487965370264739,1.860430863876284,0.04999459110042627,7.271177277127193
2015-01-31,Ammonium Nitrate,138.43743890744426,5.849881854091651,2.6406573527660697,0.04321351012979321,5.982367668569471
2015-02-28,Ammonium Nitrate,143.0386942048912,5.613132011728803,2.39351632173599,0.0150311666372955,2.1500384481748736
2015-03-31,Ammonium Nitrate,147.33927710467256,6.30518633068296,1.9227613697821486,0.013549064033037768,1.9963093000727041
2015-04-30,Ammonium Nitrate,150.33495131257098,5.766652995533606,2.040607952791615,0.03907904145677705,5.8749457947465205
2015-05-31,Ammonium Nitrate,141.1866506019771,5.8681778459685745,2.3696265138185817,0.027648168088512344,3.9035522476975255
2015-06-30,Ammonium Nitrate,146.6879709151854,6.599736727151179,2.2223723740771435,0.02445741692401607,3.587608862410632
2015-07-31,Ammonium Nitrate,147.14875849830355,6.59417391562694,2.27260644552549,0.02477460274857648,3.6455520367416874
2015-08-31,Ammonium Nitrate,147.41079819704936,5.714961127065891,2.0316490889056116,0.013749695296990726,2.0268535586956187
2015-09-30,Ammonium Nitrate,160.64992520463164,7.445627894152086,2.204588701842413,0.02107200513105488,3.3852160482155806
2015-10-31,Ammonium Nitrate,154.9843323097888,6.726326755563626,2.490324955367905,0.03423154355722433,5.305352922149866
2015-11-30,Ammonium Nitrate,147.783654012375,7.40985809915365,3.059773871096615,0.022452410948879568,3.318099331412878
2015-12-31,Ammonium Nitrate,159.79824399801788,7.407993692393539,3.1588525365633906,0.024163331446557752,3.861257934302014
2016-01-31,Ammonium Nitrate,166.93312594513833,6.606590182105428,2.756890934214529,0.01548860741625711,2.5855616525328515
2016-02-29,Ammonium Nitrate,162.59098112590513,5.727077520451906,2.579337949351986,0.02219136728317042,3.6081161790959904
2016-03-31,Ammonium Nitrate,150.93137171749774,7.304267362763963,2.0663325482970425,0.024517114422228557,3.7004017103018034
2016-04-30,Ammonium Nitrate,157.20024077091605,7.362460663521731,2.7520488034805233,0.02603118755019085,4.092108950442873
2016-05-31,Ammonium Nitrate,167.04315319244049,5.722045429689525,1.597072336910801,0.029341587859808893,4.901311355775509
2016-06-30,Ammonium Nitrate,158.25181440838267,7.375389023137104,1.9909167730836954,0.01949863103910213,3.08569374041752
2016-07-31,Ammonium Nitrate,165.0855893276189,6.145905025158708,1.6362488332426637,0.0380919184878739,6.288426812190285
2016-08-31,Ammonium Nitrate,167.81115369468674,5.508312373484251,2.9476406611066093,0.02365724494860726,3.9699495680635843
2016-09-30,Ammonium Nitrate,160.37038369222626,7.0224267972593495,2.9366680001859846,0.013163275255700721,2.110999503403112
2016-10-31,Ammonium Nitrate,165.77042933434885,5.622913414395543,1.810365572681093,0.03819422623670414,6.3314732813516965
2016-11-30,Ammonium Nitrate,150.92111794895132,7.174016925523972,3.138930725069141,0.038064488044895706,5.744735089890153
2016-12-31,Ammonium Nitrate,163.061708937203,5.8146454313001,1.9418276101503458,0.02354851490487722,3.8398610833224764
2017-01-31,Ammonium Nitrate,167.97421228109317,5.983067751737587,2.0293213286541487,0.01626058474104405,2.731358913106838
2017-02-28,Ammonium Nitrate,164.04917929477267,7.312768999401093,1.5608522236991975,0.01505363051488906,2.4695357313742967
2017-03-31,Ammonium Nitrate,179.4992559479946,6.010151137390544,2.5349356997193837,0.012734813378653898,2.285889526104942
2017-04-30,Ammonium Nitrate,165.23408699185936,6.644181751816312,1.6956601050669435,0.03466589565372159,5.727987618097753
2017-05-31,Ammonium Nitrate,171.23108616350507,5.528886599005457,1.6462187376101676,0.018412293420538628,3.1527570011599875
2017-06-30,Ammonium Nitrate,175.13087782339667,5.7327654368086245,1.5682333315836963,0.04956272025441909,8.679962705471857
2017-07-31,Ammonium Nitrate,182.72919150836438,7.193058808481114,1.6477194708301504,0.025198314082359233,4.604467559643336
2017-08-31,Ammonium Nitrate,169.38938064711283,7.01087430883236,1.7868815232561441,0.012376891280589958,2.0965139483557844
2017-09-30,Ammonium Nitrate,183.43102487911227,5.516530406231417,3.4185842293492614,0.04444539025180631,8.152663485040938
2017-10-31,Ammonium Nitrate,178.71396587676145,5.571363638149282,2.862653835114629,0.022182852634481068,3.9643855687678773
2017-11-30,Ammonium Nitrate,174.80436154016337,6.812596655783959,3.42837820613036,0.04197940010826246,7.3381822337638845
2017-12-31,Ammonium Nitrate,183.0734643332574,7.120975976968746,3.026183040918873,0.011851792847728882,2.1697487751938485
2018-01-31,Ammonium Nitrate,182.8116513339929,7.125111404611754,3.266442930557637,0.04645555121645231,8.49261603151053
2018-02-28,Ammonium Nitrate,179.87146096490935,5.885014623365996,2.642857074034991,0.026712229826179337,4.804767804465304
2018-03-31,Ammonium Nitrate,184.28095431029226,7.079066084461439,2.5079769891850767,0.04145422785566106,7.63922466943752
2018-04-30,Ammonium Nitrate,183.06839596557452,5.743183554895684,1.5395294959102437,0.043014078016163984,7.874518266357223
2018-05-31,Ammonium Nitrate,186.6296032987162,5.785584568033712,2.2249399924563953,0.030379369804414934,5.669689735062957
2018-06-30,Ammonium Nitrate,190.4441611857175,5.942318605097128,2.4941421551582366,0.030648071781445477,5.836746322377042
2018-07-31,Ammonium Nitrate,196.13992234425024,5.622245886214929,1.7788157570037961,0.0119787978921732,2.3495204883483196
2018-08-31,Ammonium Nitrate,183.10232505935838,7.311976237108332,2.10209782972909,0.047539839289297926,8.704655106818686
2018-09-30,Ammonium Nitrate,201.043755738034,7.383892923827027,1.9786161548200893,0.0343615690689591,6.908178898675398
2018-10-31,Ammonium Nitrate,181.71133945511968,5.960127747299724,1.6567448574898995,0.036707451538850695,6.670160187108454
2018-11-30,Ammonium Nitrate,191.81241970167267,6.315720772840151,3.4598959306584884,0.02229417967220686,4.276300548189841
2018-12-31,Ammonium Nitrate,196.61924107234776,7.107428909280171,2.1440701856297686,0.031578563563071246,6.208953201925962
2019-01-31,Ammonium Nitrate,196.19602507593112,7.361842048726915,2.4802823523785684,0.03638033481064805,7.137677080780675
2019-02-28,Ammonium Nitrate,192.79842861684682,6.807034738100458,2.6948949733651206,0.04845226989601759,9.341521498871543
2019-03-31,Ammonium Nitrate,195.99996499322955,6.911882871381459,2.1857883990195353,0.02430838729943068,4.764443059730279
2019-04-30,Ammonium Nitrate,195.71234132347968,5.715550284115894,3.382611615593492,0.023343810606610647,4.568671829231648
2019-05-31,Ammonium Nitrate,196.375731855361,6.168029920013776,1.753436815250737,0.022289330116024457,4.3770835141000415
2019-06-30,Ammonium Nitrate,204.7245254309968,7.182346818440094,2.9395076626582277,0.028906567842750995,5.91788338344611
2019-07-31,Ammonium Nitrate,203.42460033543512,5.737808384944693,3.3622137619380306,0.026396460336654146,5.369689394254035
2019-08-31,Ammonium Nitrate,199.34731938644074,6.613024636772724,2.5900376512984824,0.012384668296578263,2.468850426413114
2019-09-30,Ammonium Nitrate,208.4918240354459,7.466673026969527,1.918323363060754,0.02743645724465451,5.720277016008542
2019-10-31,Ammonium Nitrate,206.72215689461277,5.620372053416521,2.8841877110273586,0.023550798037952316,4.868471766994917
2019-11-30,Ammonium Nitrate,210.45193418196914,5.51879231444983,3.0375854827618562,0.04007435892090366,8.433726346006626
2019-12-31,Ammonium Nitrate,210.7481016100103,6.746355680448856,2.761207080279674,0.04211070089189848,8.874750270434573
2020-01-31,Ammonium Nitrate,204.67791274775703,6.552562815830455,2.753391943437106,0.04629719843619263,9.476013941988628
2020-02-29,Ammonium Nitrate,207.2557236120498,6.2184262748930275,3.00383729339205,0.022385068267719972,4.639433521931437
2020-03-31,Ammonium Nitrate,215.037849158725,7.385364961383607,3.08955587349681,0.03338357783661367,7.178732775208286
2020-04-30,Ammonium Nitrate,215.60918322458917,6.828768302969684,2.3170383859610126,0.036385940379658636,7.845142886116797
2020-05-31,Ammonium Nitrate,213.720146474554,6.891638436708836,2.5234532659041005,0.03617424107056256,7.731164100206458
2020-06-30,Ammonium Nitrate,215.69014501892815,6.610625022009511,2.149711493315203,0.03605948291397423,7.777675099022664
2020-07-31,Ammonium Nitrate,222.7823624725337,6.280044657360715,1.5224761887286569,0.018346031677590666,4.0871722791295895
2020-08-31,Ammonium Nitrate,214.73851791089336,6.343096999675192,2.080280803989454,0.020275756941228847,4.353985995080992
2020-09-30,Ammonium Nitrate,221.74612178362005,7.346104774302598,2.9036073594379834,0.04167812596929114,9.24196279689949
2020-10-31,Ammonium Nitrate,219.32595630117734,5.991004203517911,1.8301005796067231,0.037084211808831515,8.133530218647385
2020-11-30,Ammonium Nitrate,220.58690958300124,6.0272211241810005,3.2053150989620454,0.040765777097496105,8.992396786686156
2020-12-31,Ammonium Nitrate,228.51977901128376,6.800774068190428,2.1101119675832347,0.01841805081904411,4.208888902986554
2021-01-31,Ammonium Nitrate,228.51579552158145,5.89757391533449,3.131763186692994,0.013593807250187467,3.1063996779436307
2021-02-28,Ammonium Nitrate,229.83136253221699,5.810861766529132,2.4950622430156946,0.018947773193226377,4.354792529950634
2021-03-31,Ammonium Nitrate,233.6786170602194,6.598331949494272,2.6252737133466715,0.04273022873140405,9.985140756621352
2021-04-30,Ammonium Nitrate,228.6559703843714,6.483675865235989,3.044351236346074,0.04324288343224936,9.887743473419233
2021-05-31,Ammonium Nitrate,233.37275986929035,6.640807196185212,2.0879054629068685,0.017251325644587975,4.02598947708136
2021-06-30,Ammonium Nitrate,229.8360017837596,5.596374917630215,2.028097044068394,0.020491237080963953,4.709624002291872
2021-07-31,Ammonium Nitrate,234.44477048334025,5.8050691514246076,2.171929488154098,0.031641099443907666,7.418090296967478
2021-08-31,Ammonium Nitrate,233.62203997897993,6.968681545077705,1.967072843087013,0.01011100570580549,2.3621537792293843
2021-09-30,Ammonium Nitrate,236.21870071011824,7.250640650795446,3.030616772740064,0.010214103689367931,2.412762302420918
2021-10-31,Ammonium Nitrate,240.1825415121175,7.451392975066932,1.8150302724854062,0.03429834185888584,8.237862917318646
2021-11-30,Ammonium Nitrate,234.60066422499355,5.886217238820414,2.362026472903359,0.01666102533566662,3.908687610416835
2021-12-31,Ammonium Nitrate,250.65058216919664,5.664023947102747,1.7862763947933917,0.02221687012349344,5.5686714304310625
2022-01-31,Ammonium Nitrate,236.66718044323267,7.301849237000932,2.153042388776651,0.03448887446338623,8.162384675910227
2022-02-28,Ammonium Nitrate,237.1465513062533,5.790905802686611,2.896315674363175,0.015720060879286214,3.7279582238470734
2022-03-31,Ammonium Nitrate,250.53972896792493,6.078371177243085,2.7378237015537774,0.026026047929510243,6.52055899436572
2022-04-30,Ammonium Nitrate,250.25045515221385,6.8492669312176115,2.068885224222914,0.04800316895859681,12.012814880637475
2022-05-31,Ammonium Nitrate,250.9668144369973,6.129314227193624,3.4198258726822157,0.032139762014439965,8.06601368952721
2022-06-30,Ammonium Nitrate,252.55292920711426,6.889802472823823,2.6903285539313586,0.045339871070678606,11.450717248772781
2022-07-31,Ammonium Nitrate,250.9256593533683,6.784034088513117,1.58182248957534,0.014776551037611586,3.7078158120813858
2022-08-31,Ammonium Nitrate,248.08679758395604,6.0507013930524,1.5169561575609616,0.03893879373139492,9.660200638603989
2022-09-30,Ammonium Nitrate,254.54851962526573,6.949938919707308,3.1052629706570096,0.020942477795849054,5.330876720218375
2022-10-31,Ammonium Nitrate,252.39012071154235,6.480141007934675,1.7199022069095815,0.04273864041115272,10.786810612418037
2022-11-30,Ammonium Nitrate,262.26770695949,6.676574813103178,2.2458470513252413,0.01236351952355204,3.2425519153908797
2022-12-31,Ammonium Nitrate,258.28247653552813,7.010342905664066,3.3968184653938134,0.03346374562236504,8.64309909349938
2023-01-31,Ammonium Nitrate,256.52512660135454,7.309153700538041,2.735796338704434,0.044337937454997194,11.373795018886094
2023-02-28,Ammonium Nitrate,260.68943304831737,7.286339721806753,2.2002894210777457,0.02834207944735563,7.388480622541508
2023-03-31,Ammonium Nitrate,266.013365300148,6.173492823695033,2.2652187509176382,0.022590037524882402,6.009251904250593
2023-04-30,Ammonium Nitrate,262.7907121194387,6.972090561699234,3.1929267072991054,0.04407254777380566,11.581856214396373
2023-05-31,Ammonium Nitrate,263.1668156221397,6.358509569169814,2.0401731923383277,0.015927167700134408,4.191502005524171
2023-06-30,Ammonium Nitrate,270.17255721350756,6.6921036575927495,1.639754472204317,0.04609961437571554,12.454850702443641
2023-07-31,Ammonium Nitrate,271.8624339961296,5.906704381600078,2.833041443352772,0.03500560736033849,9.516709620494451
2023-08-31,Ammonium Nitrate,269.7932883011028,6.4880046483589915,2.724809451266478,0.022216188514070805,5.993778552728353
2023-09-30,Ammonium Nitrate,271.6697768352776,5.839008208615343,2.758155808611188,0.03298501493198403,8.961031645480402
2023-10-31,Ammonium Nitrate,276.8883733955058,6.134024727681611,1.8730552581865483,0.03750824258107371,10.385596277197548
2023-11-30,Ammonium Nitrate,270.19667089093605,6.442346602198975,2.4734810522307367,0.049784907958003534,13.451716390864224
2023-12-31,Ammonium Nitrate,272.11417138276056,7.189756977223111,2.410765846585318,0.04378653391658205,11.914936394433866
2024-01-31,Ammonium Nitrate,277.27870410506154,7.095793252491548,2.6184393685773335,0.028252163569692595,7.833723302768592
2024-02-29,Ammonium Nitrate,281.5277640379171,6.373332292757151,2.2889238519842077,0.04770036057314986,13.428975855961298
2024-03-31,Ammonium Nitrate,285.87784845010356,6.57588898213472,1.9442577926766977,0.03135928229708641,8.964924152030484
2024-04-30,Ammonium Nitrate,293.43223016596596,6.582752392015372,3.147569848057973,0.011053121781375772,3.2433421746051074
2024-05-31,Ammonium Nitrate,292.0792999671571,5.757229395272109,2.719595889793942,0.015075183564748462,4.403149062468123
2024-06-30,Ammonium Nitrate,288.72985875302413,7.085484407737349,1.7570600086231851,0.043925217919234406,12.682521965516354
2024-07-31,Ammonium Nitrate,291.1755954757074,6.190223595440559,3.046934146518785,0.026502317201317654,7.716827992579751
2024-08-31,Ammonium Nitrate,288.00130597093766,7.4082328571887,1.5651284873291043,0.025371164042909018,7.306928378360692
2024-09-30,Ammonium Nitrate,294.6663875152109,7.243728084174922,2.081609623608152,0.04884941631468305,14.39428103767426
2024-10-31,Ammonium Nitrate,295.0619553552618,6.267262342685621,2.0977628264084327,0.028662323347758402,8.457161172014366
2024-11-30,Ammonium Nitrate,299.8660008960125,5.867221221371863,2.8577323619980692,0.018495601987860176,5.54620220226397
2024-12-31,Ammonium Nitrate,295.8638452822384,7.074373837479766,1.7628711414133251,0.02806116881275169,8.302285308054739
2010-01-31,Ammonium Sulfate,52.59673257120586,6.569958624123558,2.0892858570504282,0.03856495432100677,2.028390589042763
2010-02-28,Ammonium Sulfate,59.411286470690875,5.5881416425047545,2.162037268982849,0.049579842725501054,2.945602239336542
2010-03-31,Ammonium Sulfate,52.950950707853224,7.290326744291267,2.5567376725501387,0.018261198650148865,0.9669478295903483
2010-04-30,Ammonium Sulfate,57.24960541532185,6.072534469120817,1.9183033269488332,0.025901196805083918,1.4828332968756492
2010-05-31,Ammonium Sulfate,60.43676716442884,6.023738950299535,2.8505957385656133,0.029084566554085853,1.757777176907621
2010-06-30,Ammonium Sulfate,56.723221125350015,6.713102948263451,3.3148601984814445,0.039420568240336705,2.2360616091835688
2010-07-31,Ammonium Sulfate,61.590911006210796,6.2688126336448935,3.329729076150211,0.020527694219256976,1.2643193878209642
2010-08-31,Ammonium Sulfate,62.27196015276189,6.392510507168843,2.225413765346458,0.02027856754013952,1.2627861498146589
2010-09-30,Ammonium Sulfate,64.43293141152591,6.091906807154828,1.9039418427105668,0.04286135077912069,2.7616824749564364
2010-10-31,Ammonium Sulfate,61.81164045860917,5.560194544856044,2.046121658375646,0.02857452540242658,1.7662382904501863
2010-11-30,Ammonium Sulfate,67.52755107481832,5.698479967470979,1.5611624538023285,0.04023189775825708,2.7167615307075734
2010-12-31,Ammonium Sulfate,71.61906624490355,6.666054289443557,2.68674593189012,0.027230508108429467,1.9502235640999932
2011-01-31,Ammonium Sulfate,78.10422778433178,6.854022199324865,2.625864102129282,0.012487065531832072,0.9752926106560902
2011-02-28,Ammonium Sulfate,77.35926153200337,6.833586029086312,1.6033182065873384,0.03433138158391844,2.655850326705351
2011-03-31,Ammonium Sulfate,85.03778857884014,7.457485766748857,2.574782912598212,0.02843468388845944,2.4180226368129656
2011-04-30,Ammonium Sulfate,72.13829382219052,5.582952175213684,2.5582405687803345,0.048568772922641994,3.503668411676799
2011-05-31,Ammonium Sulfate,82.0335990056449,6.095528862089697,2.4961414611629698,0.038644213418659916,3.1701239074749092
2011-06-30,Ammonium Sulfate,80.27910888810582,6.846821741949025,3.0743142698229198,0.01799763087330188,1.4448337686057366
2011-07-31,Ammonium Sulfate,91.99489351004037,5.987441067531686,1.9682517311316075,0.04419319155202869,4.065547950697695
2011-08-31,Ammonium Sulfate,78.68059097325232,6.8356355722935875,2.8830119251941273,0.029014948662410778,2.282913307817057
2011-09-30,Ammonium Sulfate,80.19205590563749,5.931111514289375,1.6439088113753026,0.031550523526275596,2.5301013464712234
2011-10-31,Ammonium Sulfate,83.05432874401002,6.440467452015972,2.625689051515133,0.019973712702558592,1.6589033010367102
2011-11-30,Ammonium Sulfate,77.08415912186865,7.420841802242853,1.597482156553871,0.032830293357632406,2.530695557197364
2011-12-31,Ammonium Sulfate,86.71861230627907,5.9097755137785954,1.9327932998662223,0.03051099849483968,2.6458714495514664
2012-01-31,Ammonium Sulfate,87.18657324919268,7.312971642347664,3.011189749954802,0.03765606478982394,3.28310325107433
2012-02-29,Ammonium Sulfate,93.35986063997979,6.813852142870314,1.7745150327539154,0.02891435183600405,2.6994398579046814
2012-03-31,Ammonium Sulfate,95.9328506097829,6.841739081651443,3.320567908432051,0.023588399111383294,2.2629023680762694
2012-04-30,Ammonium Sulfate,105.21135736178229,7.118927083569765,1.77109270204288,0.014083533799469278,1.4817477074927017
2012-05-31,Ammonium Sulfate,102.17904974954504,5.619715215258578,2.1222720513895252,0.04739908267695823,4.843193226931714
2012-06-30,Ammonium Sulfate,96.1285885040851,5.655570128344054,2.233035760462287,0.02177424811557816,2.0931277370882637
2012-07-31,Ammonium Sulfate,96.09672498246533,5.74358671806578,1.9735084740709468,0.012064593452455398,1.1593679190258583
2012-08-31,Ammonium Sulfate,104.61338050579604,6.057232120763545,1.5826584231404903,0.027172307878656494,2.8425869833305315
2012-09-30,Ammonium Sulfate,97.1066922824976,6.72963666280323,2.897246452909613,0.03340653877200921,3.243998480756824
2012-10-31,Ammonium Sulfate,114.40811922884717,7.178253814392134,1.867387313918833,0.037173129894071795,4.252907877030389
2012-11-30,Ammonium Sulfate,112.67970623341448,6.8623107644533965,1.8131141916563467,0.016708005849168064,1.8826531908304283
2012-12-31,Ammonium Sulfate,105.9568543887453,5.791790102729489,1.9931604934241935,0.025749403325644828,2.728325778772423
2013-01-31,Ammonium Sulfate,101.24568156377629,5.6261818087245175,1.770342467569238,0.01945726142436488,1.9699636942743948
2013-02-28,Ammonium Sulfate,118.07759422966618,7.106942729945395,2.0503376360653753,0.013231892128350648,1.5623899896221018
2013-03-31,Ammonium Sulfate,112.22054438880396,5.947693191259812,3.1114040917570227,0.018131604921273817,2.0347385749080646
2013-04-30,Ammonium Sulfate,120.45536067471267,6.700440522123113,2.410917186717662,0.03769849567002869,4.5409858928274
2013-05-31,Ammonium Sulfate,107.75510645520977,5.8214875661361605,3.137960424258666,0.0157920210236756,1.701670906549075
2013-06-30,Ammonium Sulfate,114.17918616433307,5.886028698544418,2.1415148246730826,0.0158402670179504,1.8086287967353039
2013-07-31,Ammonium Sulfate,118.63888293186405,7.150994210651891,1.6580146608155515,0.039636945948894525,4.70248299020752
2013-08-31,Ammonium Sulfate,120.27190795600819,7.178805725810088,2.989100389799918,0.02507657420024763,3.0160074240641923
2013-09-30,Ammonium Sulfate,119.19872146639618,7.165235722811221,3.3960277779014616,0.03967388622390713,4.729076513492998
2013-10-31,Ammonium Sulfate,125.9630266372897,5.654587311926668,3.2212705310216885,0.026471529867739506,3.3344340218598814
2013-11-30,Ammonium Sulfate,118.89808350087324,6.477003225073675,2.3853356260333385,0.02092769800921412,2.488263185380599
2013-12-31,Ammonium Sulfate,124.8993887982522,5.752567718735713,2.2961038459819525,0.015624580602494033,1.951500567480532
2014-01-31,Ammonium Sulfate,127.57558340721168,6.915270520322634,2.3796187444951125,0.035574434633804816,4.538429252789366
2014-02-28,Ammonium Sulfate,130.8968785711564,6.803994131168334,1.9466209215244157,0.049485446374873475,6.477490465171285
2014-03-31,Ammonium Sulfate,133.22115482709765,5.645883011657832,2.4908733636177374,0.020653461938856157,2.7514780506719245
2014-04-30,Ammonium Sulfate,125.36615466304079,7.021863954290888,2.0392800931473043,0.0240006848919378,3.0088735741815804
2014-05-31,Ammonium Sulfate,124.63305429124937,6.796464646367371,1.663808728676879,0.02041157371526635,2.5439567750246295
2014-06-30,Ammonium Sulfate,139.99434611590095,7.243623619331905,1.9525953605723916,0.029930731902535902,4.190133241465849
2014-07-31,Ammonium Sulfate,136.5580619575137,7.367418174502273,3.472301752965532,0.039988064397074044,5.460692575496685
2014-08-31,Ammonium Sulfate,132.43291287284248,6.166100879472273,2.552737029930303,0.028614952831072196,3.7895615551378814
2014-09-30,Ammonium Sulfate,145.19842798019073,7.140427503969895,3.4019981760157734,0.014957887246341449,2.171861714073722
2014-10-31,Ammonium Sulfate,139.27699203835562,5.670866291478086,2.3429562749096955,0.03893223283047597,5.422364281965609
2014-11-30,Ammonium Sulfate,145.83985710728444,7.340661040551418,1.9831588436740935,0.047201287941245104,6.883829088630974
2014-12-31,Ammonium Sulfate,141.51470460468315,6.467184787151578,2.4729680214810568,0.040925504547280965,5.791560686806083
2015-01-31,Ammonium Sulfate,152.7037822240177,5.5884239195956305,3.286834533217698,0.03440511864932739,5.253791745618379
2015-02-28,Ammonium Sulfate,152.3890806244417,7.337861819408959,1.7099668580272385,0.04335806122947394,6.607295088417785
2015-03-31,Ammonium Sulfate,143.5695199673749,5.8124401842175235,2.2315852849157816,0.019537833066341798,2.805037314537396
2015-04-30,Ammonium Sulfate,150.86403009649214,6.357083675806312,2.24093222328472,0.03725605046756134,5.620597919014605
2015-05-31,Ammonium Sulfate,150.41501238518174,5.76156287036995,2.525320404617741,0.031100579651417035,4.677994073454224
2015-06-30,Ammonium Sulfate,155.20363488205186,6.586646935710122,2.7772202904372456,0.046729005152049474,7.2525114540202065
2015-07-31,Ammonium Sulfate,144.6988677512078,6.709126416731052,2.226008632909038,0.03847885930078714,5.567847373181931
2015-08-31,Ammonium Sulfate,154.10770165991013,6.093875615667485,3.3737871875250023,0.03552582545090906,5.474803309810736
2015-09-30,Ammonium Sulfate,157.1147764374741,5.563520252671716,3.2774333893495355,0.03957686117724318,6.218109695959511
2015-10-31,Ammonium Sulfate,144.16572632286847,6.1991766028280875,2.5216649100632633,0.022960462626716194,3.310111771289616
2015-11-30,Ammonium Sulfate,148.17178122072133,7.021999833418407,2.389626311363782,0.047053617366107435,6.9720182980144045
2015-12-31,Ammonium Sulfate,145.0127733739435,6.99831473151778,2.2134766417333616,0.025047541153536988,3.6322134088723828
2016-01-31,Ammonium Sulfate,154.97531078785238,5.8789882877970445,2.6702988590744967,0.027986443096250507,4.337207716687968
2016-02-29,Ammonium Sulfate,161.0163661021292,7.057616459961792,2.9129095848935176,0.03236525113836979,5.211335126283105
2016-03-31,Ammonium Sulfate,166.04000680774794,6.689996487628605,3.0487959166608496,0.011375455530512273,1.8887807137274917
2016-04-30,Ammonium Sulfate,159.99188503734618,7.452204007880846,1.539114253616154,0.015377601019775821,2.4602913745061503
2016-05-31,Ammonium Sulfate,168.85167517436383,7.062328510747651,2.465545448287269,0.026593135714802853,4.490295513583665
2016-06-30,Ammonium Sulfate,154.8896544454021,6.690936772003808,3.1190586776737774,0.019377901631991608,3.0014364876561737
2016-07-31,Ammonium Sulfate,154.34957999011198,6.208127105750215,2.090258181159333,0.03760620967871633,5.804502668929949
2016-08-31,Ammonium Sulfate,163.66024493305696,6.945636444901659,2.0374585552827735,0.03682684476798417,6.027090434839956
2016-09-30,Ammonium Sulfate,166.9253632948132,6.46391041538488,3.0502533109267222,0.0165375188271788,2.760531338221634
2016-10-31,Ammonium Sulfate,165.90458237418738,6.320961440945681,2.406044447755826,0.015362800099054944,2.548758934531835
2016-11-30,Ammonium Sulfate,156.7902441490973,6.437516174127408,1.9473208582357129,0.02762161165448722,4.330799235098603
2016-12-31,Ammonium Sulfate,167.7380469463105,6.858101386537404,2.735890264772939,0.013275985486497737,2.226887876792694
2017-01-31,Ammonium Sulfate,162.7147055355347,7.042332392277934,3.4974332095791745,0.04538544483010539,7.384879291129855
2017-02-28,Ammonium Sulfate,173.6364579487471,5.653456911344295,2.9196069551595807,0.04890347440106238,8.491426076387699
2017-03-31,Ammonium Sulfate,173.1701906588207,6.436382207897362,3.3941756679855137,0.04859113553562189,8.41453620503224
2017-04-30,Ammonium Sulfate,167.68539495002574,6.214341588210167,2.278630647001165,0.03554008798838844,5.959553690891581
2017-05-31,Ammonium Sulfate,170.86197401030654,6.42767122923152,1.9623976996599488,0.025651436684727143,4.382855108152873
2017-06-30,Ammonium Sulfate,169.18110732752146,5.940848035392859,2.080464850114878,0.018844830478023836,3.188189287671498
2017-07-31,Ammonium Sulfate,175.20942957666793,6.618209688738397,1.9906008470899172,0.016843146854685936,2.9510781526855716
2017-08-31,Ammonium Sulfate,181.34440300551623,6.3302668376853255,2.87165967952391,0.04611138848332553,8.362042216264104
2017-09-30,Ammonium Sulfate,172.68657588665977,5.725583566194023,2.2460770768236578,0.031222968818628828,5.391787574304959
2017-10-31,Ammonium Sulfate,181.18303314925274,5.944723658456483,2.2409086613977385,0.01609045185380089,2.915316871613662
2017-11-30,Ammonium Sulfate,177.06061670354092,5.9179856637799295,2.8465975397098946,0.0220824019117186,3.9099237007843466
2017-12-31,Ammonium Sulfate,176.7985828006293,6.825883541585368,3.078669801317587,0.031804528131559366,5.6229955003024426
2018-01-31,Ammonium Sulfate,181.28120105635276,6.724551318932255,2.526312296582755,0.022554601135501395,4.088725183190671
2018-02-28,Ammonium Sulfate,177.69633373860646,7.224156768601409,1.9393105783255054,0.049724671652364535,8.835891848981193
2018-03-31,Ammonium Sulfate,181.16369735860624,6.948227102209621,1.8158755145319578,0.04683421778750147,8.48466005728197
2018-04-30,Ammonium Sulfate,179.00557448693908,6.999922426904584,2.6229370231738707,0.038331168982877334,6.861492924535898
2018-05-31,Ammonium Sulfate,195.8856422370419,5.83118895577808,3.179901617360762,0.04149287741744194,8.127858941178467
2018-06-30,Ammonium Sulfate,187.3098255729709,6.83275198906605,2.3242374414415847,0.02804344703467425,5.252813172529682
2018-07-31,Ammonium Sulfate,184.71121072356053,5.969094298338397,1.8537011597005653,0.044247958940617164,8.17309406796779
2018-08-31,Ammonium Sulfate,190.36130210716374,6.388989732273539,3.4394326430872537,0.04911942423954379,9.350437556993736
2018-09-30,Ammonium Sulfate,189.81694861629853,5.528273504567506,2.973805556711123,0.04815654612720781,9.140928641766614
2018-10-31,Ammonium Sulfate,190.36693045506607,6.833449368010108,3.3624316635988696,0.018060797486896974,3.438178579151148
2018-11-30,Ammonium Sulfate,195.6421786770677,7.061979110586176,1.9038317855909146,0.043200452973120584,8.451830739497519
2018-12-31,Ammonium Sulfate,197.4651935901614,5.60672166162359,2.8827105867362874,0.03372533054286921,6.659578924539852
2019-01-31,Ammonium Sulfate,192.13855999920332,6.69405381806364,1.6250951051499452,0.02776645915080661,5.335007477512684
2019-02-28,Ammonium Sulfate,193.0328350127264,6.224496990719774,1.771492811355115,0.03304152059384271,6.378098393360841
2019-03-31,Ammonium Sulfate,195.6653177592577,6.870102450527949,3.3061520380486855,0.022043549229560158,4.313158064543729
2019-04-30,Ammonium Sulfate,186.66774017309592,6.1984885067665365,2.968734754376011,0.01821913475140256,3.4009247119534356
2019-05-31,Ammonium Sulfate,191.74660032908932,5.5232223732287675,2.577133034933415,0.032192678776403166,6.172836710861734
2019-06-30,Ammonium Sulfate,207.3108862831143,6.899354321845372,3.446590605030149,0.01190376656313465,2.467780396310746
2019-07-31,Ammonium Sulfate,209.8643614731163,6.440801883100941,2.6458086575764717,0.028217523536429513,5.92185255932541
2019-08-31,Ammonium Sulfate,201.5666871649621,6.123504005281702,2.1845912237309375,0.025331085346950014,5.105902955677629
2019-09-30,Ammonium Sulfate,206.87660947355846,5.67389105938408,2.377169011636115,0.019940458875903008,4.125214523593739
2019-10-31,Ammonium Sulfate,206.7419100629474,7.012632011413502,3.045697057110198,0.010292499330862076,2.1278909709840335
2019-11-30,Ammonium Sulfate,221.78202763005052,5.818603902168289,2.386992750187161,0.048327189431473884,10.718102061773827
2019-12-31,Ammonium Sulfate,213.1978319575651,6.926639961382861,2.560114152059219,0.03086350200417609,6.580031713908308
2020-01-31,Ammonium Sulfate,208.18329984496359,6.016759753043129,3.3941106458413235,0.027081374893505962,5.63788998966862
2020-02-29,Ammonium Sulfate,205.27892661003253,6.831192759838712,3.4436441169170076,0.019251939174083972,3.952017408817594
2020-03-31,Ammonium Sulfate,203.26914953182083,7.280388148039447,1.7489828907662996,0.044123725048735005,8.968992064832264
2020-04-30,Ammonium Sulfate,213.57465007675796,6.318901921968732,2.446561451584126,0.04949140944756436,10.570110454569111
2020-05-31,Ammonium Sulfate,210.04290071795322,6.298069023883839,2.2277587327206163,0.04164126512289841,8.746452115978919
2020-06-30,Ammonium Sulfate,207.99223955439587,6.498062381695784,3.210438165919816,0.024150678311940982,5.023153668858382
2020-07-31,Ammonium Sulfate,213.16117357237894,7.444086699609397,1.7369648307825811,0.016616490535951912,3.5419906232978375
2020-08-31,Ammonium Sulfate,212.28863483700056,5.5323450747618255,3.1361245063799066,0.010743247157870815,2.2806692728608815
2020-09-30,Ammonium Sulfate,227.4463430531327,5.592827028833799,3.0255359275963407,0.018862615880066373,4.290233002337045
2020-10-31,Ammonium Sulfate,224.74511834809405,6.251296284410955,2.115552481311279,0.04442011781024421,9.983204634299614
2020-11-30,Ammonium Sulfate,221.63545239255427,7.13722829774049,3.0436380402345327,0.016030407839263065,3.552906693492218
2020-12-31,Ammonium Sulfate,230.42561544579794,7.211804186976538,2.2563677072076747,0.02602200491604184,5.996136497912521
2021-01-31,Ammonium Sulfate,224.7755553148794,7.093322347638011,1.8770797875986491,0.010257406904609065,2.3056143330741805
2021-02-28,Ammonium Sulfate,221.45739334557246,5.846943098097871,2.172324755046846,0.03670577247732641,8.128764693564364
2021-03-31,Ammonium Sulfate,234.76684341079607,5.64920830323595,3.107389544904239,0.011683287230083153,2.742848463668285
2021-04-30,Ammonium Sulfate,231.2455013946309,6.036127117413862,3.4140787563921293,0.04945948393919527,11.437283162238904
2021-05-31,Ammonium Sulfate,224.77676424118323,5.885893448862586,2.5292320403797115,0.04052457745027273,9.108983391513522
2021-06-30,Ammonium Sulfate,230.43564217630885,6.503658251629913,2.006903169857724,0.03417299113655137,7.874675157636525
2021-07-31,Ammonium Sulfate,228.44584745397427,6.551751434314103,3.145189270998875,0.049659800983833456,11.34457532014754
2021-08-31,Ammonium Sulfate,227.35875659599668,7.364705304501484,2.457737601392365,0.039186751304717,8.909451051677008
2021-09-30,Ammonium Sulfate,240.36460862281285,6.920357008418826,2.291068351472606,0.027703320402614785,6.658897766126889
2021-10-31,Ammonium Sulfate,246.75383958728358,6.794068939361449,2.328362038746473,0.04744950229634179,11.708346878127966
2021-11-30,Ammonium Sulfate,231.6989297720652,7.217350348464942,1.9515001427121934,0.015953761561856065,3.696469479720762
2021-12-31,Ammonium Sulfate,243.0034919742222,6.023520789157265,2.6627898860720176,0.03208938561732863,7.797832760318239
2022-01-31,Ammonium Sulfate,238.44405450512204,5.934086548949137,1.76960554214807,0.042992499993184524,10.25130601168635
2022-02-28,Ammonium Sulfate,240.78186745136847,6.620190292088166,2.092820592043174,0.02955608793499072,7.116570047543926
2022-03-31,Ammonium Sulfate,241.78720497923024,6.292791788314137,1.9445084672430017,0.03670881844261591,8.875722609330122
2022-04-30,Ammonium Sulfate,241.9721878340001,6.475927397551055,1.827872892898313,0.01873258924808137,4.532765604153916
2022-05-31,Ammonium Sulfate,248.08882349146066,6.8217104603386,3.2059482734994496,0.0294026303496044,7.29446397098767
2022-06-30,Ammonium Sulfate,245.25645107873768,5.808201535069456,2.9435203642852796,0.039638171620544733,9.721517298904738
2022-07-31,Ammonium Sulfate,252.33917734650205,6.675616013711205,2.893244104356164,0.02549054792567715,6.432263893676956
2022-08-31,Ammonium Sulfate,252.3218788941395,6.876700198621705,2.461273215284674,0.04295296026526951,10.83797163819812
2022-09-30,Ammonium Sulfate,252.97475659996505,5.727443056550166,1.7110250791591748,0.04842538612300571,12.250400267726695
2022-10-31,Ammonium Sulfate,251.2381109588949,7.391897936361249,3.359996605565905,0.013055295212768853,3.2799877072667507
2022-11-30,Ammonium Sulfate,254.50825163955957,6.443597887569434,3.3702634134688654,0.0353537781406693,8.997828263434622
2022-12-31,Ammonium Sulfate,262.7947195721676,5.560708918744494,2.5071088903968244,0.038734024842485976,10.179097196382475
2023-01-31,Ammonium Sulfate,263.15719852343904,7.111706094735102,2.886051754948435,0.03455820517262284,9.094240459225647
2023-02-28,Ammonium Sulfate,257.40858603258954,5.9269456965807485,3.4579286409543855,0.027388295350155703,7.049982379926527
2023-03-31,Ammonium Sulfate,264.445369555916,6.944591259514839,2.0264771016486893,0.03992653103481127,10.558386254586416
2023-04-30,Ammonium Sulfate,269.3662705003175,6.07313670808046,2.3619160791660936,0.013389224869759412,3.6066055680571925
2023-05-31,Ammonium Sulfate,258.930891194365,5.775336009172095,2.032149664777922,0.03561788811011929,9.222571510814365
2023-06-30,Ammonium Sulfate,271.67092211794767,7.404494559359717,3.2129402555000124,0.03631707648342754,9.866293656880792
2023-07-31,Ammonium Sulfate,267.3244823458567,6.8052940972419425,1.9553471969326774,0.025510578226399815,6.819602118715814
2023-08-31,Ammonium Sulfate,275.1809975209243,7.056672041812448,2.030197861637804,0.026724615352196425,7.354106310980419
2023-09-30,Ammonium Sulfate,270.20867258065664,6.574347487213576,3.3854758818876096,0.031624793361219136,8.545293434772585
2023-10-31,Ammonium Sulfate,266.70371320539505,6.795691734544974,1.9347910369035934,0.01307478351976298,3.4870933140774913
2023-11-30,Ammonium Sulfate,269.29938040900686,6.57619719192648,2.3450056533788315,0.040926612473738515,11.021511381417314
2023-12-31,Ammonium Sulfate,279.39191498795026,5.548360774953414,2.1696772881271884,0.032090586339005,8.965850370340764
2024-01-31,Ammonium Sulfate,282.1695377199311,5.782367889253479,2.236716858233878,0.04804923367268991,13.55803005321986
2024-02-29,Ammonium Sulfate,278.0734166709543,6.537799327035692,2.6529363687358067,0.032655544741338395,9.080638899475183
2024-03-31,Ammonium Sulfate,287.5162729160004,6.911863867013195,3.148305301457932,0.02435196939665515,7.001587479090792
2024-04-30,Ammonium Sulfate,277.7478487698734,6.351594076716939,1.6244021112238514,0.018134977513168483,5.036950991772575
2024-05-31,Ammonium Sulfate,287.46060285791043,6.160679057808904,3.2536449354776766,0.012227952705290153,3.515054656380724
2024-06-30,Ammonium Sulfate,283.474470404029,7.303282561449193,1.6569493085410898,0.02701018161650573,7.656696929255601
2024-07-31,Ammonium Sulfate,288.01149597621,6.765225630271666,1.532839769997302,0.042091589660136194,12.1228617060326
2024-08-31,Ammonium Sulfate,293.2509461507087,5.605415346687591,2.8039017411288123,0.03222901383782991,9.451188801447906
2024-09-30,Ammonium Sulfate,290.45688636875303,5.617320739483627,2.672846572764808,0.03910877450160383,11.359412871433529
2024-10-31,Ammonium Sulfate,294.5824708287133,6.816858894979474,3.0631173181974223,0.015528304041188549,4.574366172232817
2024-11-30,Ammonium Sulfate,303.28387214039424,6.454227020974084,2.617331178968789,0.04151738647915515,12.591553732547423
2024-12-31,Ammonium Sulfate,297.11554065238425,7.144925768555483,2.170482696677335,0.030216635223196453,8.977831911035892
2010-01-31,Calcium Nitrate,54.17846056032571,7.183414920588457,2.98457324113882,0.04059474189089809,2.199360622492624
2010-02-28,Calcium Nitrate,46.09905763238989,5.808400083527116,2.683160316457915,0.030218936210016936,1.3930644819350846
2010-03-31,Calcium Nitrate,56.14377233971393,5.842090728962437,3.4363124937520704,0.043388736177624065,2.436007326064435
2010-04-30,Calcium Nitrate,62.44888990811664,6.751007964968508,1.6588565184832125,0.04480534117499118,2.7980438183326295
2010-05-31,Calcium Nitrate,44.62782470523683,6.6596411828359585,1.5018471537355396,0.03713747839971397,1.6573648760169544
2010-06-30,Calcium Nitrate,54.74484720742681,7.087827112851876,2.7079492198340556,0.01729657617073814,0.9468984196786789
2010-07-31,Calcium Nitrate,63.355809233061414,6.412022752590689,2.4664106172118743,0.019490528506350323,1.2348382058998766
2010-08-31,Calcium Nitrate,61.193771218637956,6.484103771112824,2.5756034205213787,0.02997655788053167,1.8343786248635137
2010-09-30,Calcium Nitrate,65.80028028563831,6.809043658753726,1.5868685736415435,0.047964874650807066,3.1561021958886126
2010-10-31,Calcium Nitrate,62.6567634443074,5.870247695257469,1.9851707060977624,0.01798953780507736,1.127166214725157
2010-11-30,Calcium Nitrate,67.8379491408881,5.960042109556658,2.2853873821074533,0.04824736844282118,3.2730025266057927
2010-12-31,Calcium Nitrate,68.35068861171591,6.4301533197970215,2.012428212294455,0.034342727396045124,2.347349066324125
2011-01-31,Calcium Nitrate,76.68742005365561,6.963301146354393,2.53908497957026,0.031331363495092274,2.4027214332019127
2011-02-28,Calcium Nitrate,73.8350116180834,5.6709918257269045,2.6465953491048495,0.04271792879627668,3.154078768973548
2011-03-31,Calcium Nitrate,75.95988960165836,6.463155769636254,3.358801321180053,0.0483730146047009,3.674408849072488
2011-04-30,Calcium Nitrate,73.91564680601843,7.113248369764072,1.9145151011360162,0.038956226888626246,2.8794747075948157
2011-05-31,Calcium Nitrate,75.23396470167904,6.688644217616167,3.4678785706469695,0.03319046764957931,2.49705047158067
2011-06-30,Calcium Nitrate,77.19960792031597,6.1968215564916,1.5329359242154679,0.023171765332492156,1.7888511984899644
2011-07-31,Calcium Nitrate,83.01813955584349,6.378757619800456,1.8676036037220003,0.03157887189556086,2.6216191940417755
2011-08-31,Calcium Nitrate,80.61715999592677,6.669880806818241,1.8099238614572495,0.03676630611643561,2.9639951826479107
2011-09-30,Calcium Nitrate,85.83953940102343,6.713232204402546,2.890894817837834,0.048175301660964606,4.13534570508256
2011-10-31,Calcium Nitrate,96.42829596445732,7.356138124568328,2.6524507601685503,0.017237242482726657,1.6621579197354832
2011-11-30,Calcium Nitrate,92.05926126057615,6.523904207246857,2.709224493210802,0.019907096718194777,1.832632617719851
2011-12-31,Calcium Nitrate,87.71726975384367,6.4239941100989455,1.9282299333154753,0.04299966463416131,3.771813182039539
2012-01-31,Calcium Nitrate,96.98830616778089,6.802103850234504,1.7771121900759994,0.03642681336331486,3.532974927197794
2012-02-29,Calcium Nitrate,90.567514842491,6.557580225968527,2.112186132299726,0.01834243914983118,1.6612291299498234
2012-03-31,Calcium Nitrate,84.03344805500784,5.631074726795099,3.2379797848026497,0.04165557136840814,3.5004612927887973
2012-04-30,Calcium Nitrate,90.79007161111585,6.238154609615821,3.1265797048140302,0.040358708764012534,3.664170058816867
2012-05-31,Calcium Nitrate,88.07297095348552,5.856155987191994,1.5007417695961518,0.04310124069324523,3.7960543196353753
2012-06-30,Calcium Nitrate,97.25553936219058,6.243081010888227,2.3975121949566436,0.04258569851343036,4.141695078039307
2012-07-31,Calcium Nitrate,100.68089023515488,5.94018074637547,1.6139517457815005,0.01469568519804378,1.479574668354636
2012-08-31,Calcium Nitrate,110.53597120963992,5.781898841602745,1.5660841484232442,0.022685413521821338,2.50755421592682
2012-09-30,Calcium Nitrate,105.34249518642163,6.5363464051487945,3.456989379950791,0.01394644334154413,1.4691531405743146
2012-10-31,Calcium Nitrate,104.15532275553109,6.78317610544593,3.3705586524955153,0.04618153146163387,4.810052314731189
2012-11-30,Calcium Nitrate,110.92953353572548,7.335492817428497,3.389691027616599,0.019294219559978534,2.1402987757242893
2012-12-31,Calcium Nitrate,97.24705610422939,7.289546630281429,2.4096889598474824,0.030372290671639185,2.9536158549588585
2013-01-31,Calcium Nitrate,110.9894269997735,6.087218915654411,2.2069425944267715,0.04275763057697522,4.745644917606475
2013-02-28,Calcium Nitrate,115.16255832827395,7.2829859072837415,2.8650347791020256,0.03718310417555122,4.282101403443204
2013-03-31,Calcium Nitrate,105.40031238616783,7.266140461634177,2.456187241126011,0.03423101153385559,3.607959308962893
2013-04-30,Calcium Nitrate,119.98504933088,6.878444248866509,3.409148012506823,0.0446585979224238,5.358364074769955
2013-05-31,Calcium Nitrate,117.41972678665368,7.405732382081466,2.0653348230686426,0.017476337469880688,2.052066770944749
2013-06-30,Calcium Nitrate,115.09962170959794,5.845046986408448,2.046442513422793,0.04929533587628466,5.673874511407936
2013-07-31,Calcium Nitrate,121.77657376380455,7.464166475898492,2.6300870102472356,0.017467427019155695,2.127123414862086
2013-08-31,Calcium Nitrate,131.39046927620646,5.876021873110341,3.135599203141826,0.022947815039889817,3.0151241869547114
2013-09-30,Calcium Nitrate,122.35838009908487,6.023241137024093,2.335727992534559,0.039606405170408816,4.846175578199242
2013-10-31,Calcium Nitrate,124.0898799070539,5.586012431781698,2.794402868022978,0.021967307868968958,2.725920595341638
2013-11-30,Calcium Nitrate,121.939381150085,6.298126647633811,3.224550656441795,0.04107602067872455,5.008784541671766
2013-12-31,Calcium Nitrate,121.36206437603471,6.832996171816229,2.5250993206397077,0.043039585929666085,5.223372998314013
2014-01-31,Calcium Nitrate,131.1257843313734,6.1996197814713705,1.5247214881356153,0.03644983839578949,4.779513648399706
2014-02-28,Calcium Nitrate,124.04426527131831,6.72524831052383,3.3691653001908586,0.03893808951351172,4.830046704772386
2014-03-31,Calcium Nitrate,130.02091162275016,6.090833963924986,2.0178009096029577,0.030075275104960948,3.9104146864520257
2014-04-30,Calcium Nitrate,128.60107788840455,5.7025524558144625,1.6758039906210924,0.03821149694449592,4.914039694791652
2014-05-31,Calcium Nitrate,134.69852427365944,6.231365397596017,1.99102741100731,0.04757614542491309,6.408436579364808
2014-06-30,Calcium Nitrate,135.27427253284316,6.817633574615304,1.6190302141271482,0.04968186324988478,6.720677909204358
2014-07-31,Calcium Nitrate,140.08419161890524,6.334979788723375,1.8901465131070305,0.04204202166119735,5.8894226184333345
2014-08-31,Calcium Nitrate,133.62526356135152,7.306591077482715,3.0047912814633433,0.019043295567084333,2.544665389228361
2014-09-30,Calcium Nitrate,136.09329342611127,6.119212492909476,1.9998092870493842,0.045904554342023444,6.247301983663867
2014-10-31,Calcium Nitrate,133.80480028797976,6.468201867251682,3.0900903479063255,0.024495659058580553,3.2776367682558134
2014-11-30,Calcium Nitrate,137.72190488658475,5.63575642870523,3.1059680553346247,0.04107486605984605,5.656908796723326
2014-12-31,Calcium Nitrate,143.06361466285685,6.492284156811962,2.999546952810645,0.024122001532969402,3.450980732209577
2015-01-31,Calcium Nitrate,146.1849856828345,6.930683580346391,2.787721947404388,0.03399196260917011,4.969114567352978
2015-02-28,Calcium Nitrate,139.00154979133754,6.634724632638302,3.4414154802244123,0.035276085215336574,4.903430515503072
2015-03-31,Calcium Nitrate,149.16237031029857,6.542970565309144,2.4689430385895803,0.03405690000090283,5.080007929555475
2015-04-30,Calcium Nitrate,152.7843646357451,5.91803811507405,3.4597030951223515,0.02718461577865311,4.153384249608367
2015-05-31,Calcium Nitrate,149.2553071533745,5.842568544070371,2.787825934022286,0.011013590034153578,1.6438367634089366
2015-06-30,Calcium Nitrate,157.74445615718045,6.303294515816157,2.347074163924119,0.049762354446191294,7.849735539215296
2015-07-31,Calcium Nitrate,145.65453905859047,6.7405744809737955,3.1530087465758023,0.01197466940459336,1.744164952505052
2015-08-31,Calcium Nitrate,144.45417084336086,5.626145746876539,2.29126838721412,0.03427027327916661,4.950483911117398
2015-09-30,Calcium Nitrate,142.92905275870476,7.431361510425788,2.7331714692753653,0.01783538981838003,2.549195372323305
2015-10-31,Calcium Nitrate,160.43964531242995,6.129462438540964,3.4100925481994544,0.03284460990077097,5.269577562904819
2015-11-30,Calcium Nitrate,157.3599020658205,6.3974605563366795,2.1920219247333232,0.02648197544710401,4.16720106286575
2015-12-31,Calcium Nitrate,154.93101090819172,6.80335208477614,2.7532364411525316,0.04866297119406415,7.539403320892573
2016-01-31,Calcium Nitrate,157.72218809167427,6.848260406033315,3.0837218585161423,0.026962445127357966,4.2525758417886
2016-02-29,Calcium Nitrate,151.8012095866575,6.603335714798069,2.9932968696779927,0.02479925560756633,3.7645569980772677
2016-03-31,Calcium Nitrate,170.75698144535193,5.633252083710934,1.9259955748737416,0.03625114878826957,6.190136741011239
2016-04-30,Calcium Nitrate,160.26751704512344,6.2371223413077015,1.533984022694227,0.046018677950891325,7.375299252888522
2016-05-31,Calcium Nitrate,161.25557141953186,5.699898375913594,1.7198045920625293,0.046521360994924814,7.501828650450922
2016-06-30,Calcium Nitrate,165.41899485597003,6.114990322000404,3.4604203542231167,0.02440406936025701,4.03689662396909
2016-07-31,Calcium Nitrate,165.27153834557132,5.757166495403883,2.5603547369390935,0.04493339293576865,7.426210973580512
2016-08-31,Calcium Nitrate,165.0574035489357,6.035924428086697,2.4768562296665992,0.049202249058058686,8.121195478291234
2016-09-30,Calcium Nitrate,161.0526637728901,6.637551005417276,2.8198090187612914,0.023132333184890663,3.725523878708664
2016-10-31,Calcium Nitrate,168.42539790033783,6.893367978719947,3.284141035989001,0.042856559630172646,7.218133108351383
2016-11-30,Calcium Nitrate,176.53757713167184,7.0368617515648495,1.6317982602785246,0.0477539308174553,8.430363245027035
2016-12-31,Calcium Nitrate,174.91074737464933,7.107745332524926,2.044692958869862,0.01700373630200131,2.9741362247445053
2017-01-31,Calcium Nitrate,177.20298617125596,7.081062438101313,2.6822278743024226,0.03660222978082286,6.486024417688286
2017-02-28,Calcium Nitrate,167.73201682244098,7.220956264851001,2.6106338690056825,0.026420471455386417,4.431558962611696
2017-03-31,Calcium Nitrate,166.38917532704355,7.49545894070459,2.372420837328985,0.02625058310995291,4.367812875519083
2017-04-30,Calcium Nitrate,171.75585928116428,6.408361994018868,2.868234912426041,0.024651032757552198,4.233959313441506
2017-05-31,Calcium Nitrate,173.70993315843347,7.112702175695357,1.5900465436454407,0.01498858557178254,2.6036661978138054
2017-06-30,Calcium Nitrate,179.94813252932096,5.719392382472307,2.5557672031973,0.01161665397471105,2.090395188988567
2017-07-31,Calcium Nitrate,167.0605019144597,7.3320403066371584,2.3718430775490633,0.03763458560570848,6.287252760632359
2017-08-31,Calcium Nitrate,184.2164430003131,6.10696340893669,3.21329225366153,0.036732526905175894,6.766735448884802
2017-09-30,Calcium Nitrate,176.82516662544253,6.6016932491296085,2.705994875942718,0.030102238480263187,5.322833335071346
2017-10-31,Calcium Nitrate,176.52839522192642,7.235351337396394,3.4914815315667322,0.013371791032933126,2.3605008122866304
2017-11-30,Calcium Nitrate,174.65138291910228,7.4522169126170565,1.575359100404763,0.037733141699918586,6.590145379773227
2017-12-31,Calcium Nitrate,172.48866360261218,7.009480054163166,3.203980886680945,0.04887643914816154,8.43063167032078
2018-01-31,Calcium Nitrate,185.93220577593513,5.543788086421362,2.714502890909025,0.044879639643607826,8.344570393365107
2018-02-28,Calcium Nitrate,183.23913518664534,6.344340633110458,2.1769461620312645,0.02138660209264634,3.918862472037415
2018-03-31,Calcium Nitrate,177.48213938663687,7.024477026929661,1.702709746710592,0.010272250406915644,1.8231409785346395
2018-04-30,Calcium Nitrate,178.51957008956524,7.013352297429531,3.401742015665848,0.033294606912264366,5.943738912278501
2018-05-31,Calcium Nitrate,184.38309307600932,6.916820081202562,2.7094886677460184,0.037117105832363835,6.84376677940083
2018-06-30,Calcium Nitrate,195.47861543955923,5.96603511525619,3.1631902256862627,0.03706884609495087,7.246166710583108
2018-07-31,Calcium Nitrate,186.91188150670544,5.731255303449236,1.5512275975430827,0.01782238993980774,3.331216436595643
2018-08-31,Calcium Nitrate,181.7756877879021,6.383647770206894,2.42178804591494,0.0333411614232236,6.060612549353939
2018-09-30,Calcium Nitrate,189.14987354432296,7.362075977698702,3.237979060830973,0.04029730671995996,7.622230470257222
2018-10-31,Calcium Nitrate,190.10816060399384,6.564403278777769,1.8616914292765552,0.027239829599073534,5.178513900246096
2018-11-30,Calcium Nitrate,179.08691196214272,5.983995324982187,2.0385199539614627,0.047697651275470584,8.542025074771185
2018-12-31,Calcium Nitrate,193.4061807073358,7.264963309573497,2.2121147858645926,0.013493972177890959,2.6098176214969406
2019-01-31,Calcium Nitrate,193.63639308621256,6.496985525031455,2.8503477791759932,0.024119856854984772,4.67048208315501
2019-02-28,Calcium Nitrate,199.39295804001688,6.230311013337133,1.9767424037923425,0.03544345271809816,7.067174880613068
2019-03-31,Calcium Nitrate,206.28535671974265,5.899306934539865,1.7975515834421916,0.014301104670990945,2.950108478541745
2019-04-30,Calcium Nitrate,203.81017114451265,7.377858586998978,2.6633498926662362,0.045075300114160964,9.186804630657416
2019-05-31,Calcium Nitrate,197.97811218730791,6.733422110003042,2.8616620191067117,0.03469462560747001,6.868776480812344
2019-06-30,Calcium Nitrate,194.94388540218335,6.124172291983074,3.388223871544745,0.046286117752707225,9.023195634895721
2019-07-31,Calcium Nitrate,214.50632192185918,7.33071134377385,2.7938682982991034,0.03660241481930694,7.851449376347684
2019-08-31,Calcium Nitrate,203.10795953281644,7.244686967794193,2.929544216897842,0.0326109055215458,6.623534478998625
2019-09-30,Calcium Nitrate,204.06347111784436,5.625681243438451,3.4484732626644035,0.04724058252225103,9.640077247119516
2019-10-31,Calcium Nitrate,205.0650338546797,6.525063769256014,1.6176694226433008,0.012135406380693508,2.4885475202972103
2019-11-30,Calcium Nitrate,207.3780473916136,5.735552086492576,2.951879236787498,0.044886345080404004,9.308442597320344
2019-12-31,Calcium Nitrate,206.87815534077254,6.887913076763736,1.7134889590373426,0.02418696892609966,5.003755514716083
2020-01-31,Calcium Nitrate,205.9545777679662,6.639008545126901,1.6311484082319874,0.04130657461958973,8.507278134818593
2020-02-29,Calcium Nitrate,207.3223341068327,6.637196812945935,3.0029122430824104,0.02044565594331447,4.2388411125131915
2020-03-31,Calcium Nitrate,211.1376147820287,6.203335428649227,3.4229979070504744,0.04370251429379024,9.227244627968386
2020-04-30,Calcium Nitrate,209.84020804175302,7.170686671671628,3.4897071618612463,0.016686485762111576,3.501495643807243
2020-05-31,Calcium Nitrate,210.26042553098893,6.438378801040118,2.4824469493843377,0.04616102818370048,9.705837428852835
2020-06-30,Calcium Nitrate,215.63565924084372,5.515906426867559,2.5113993700747357,0.012243239825485062,2.6400790910122236
2020-07-31,Calcium Nitrate,215.1191519064873,5.645063403047452,2.318929952262507,0.01070706409492714,2.3032945475091275
2020-08-31,Calcium Nitrate,225.21633979798597,6.21749088790912,1.833226664479491,0.02715233797017625,6.115150174600971
2020-09-30,Calcium Nitrate,205.7557858358048,6.3542156942496355,2.2743770524288465,0.03828697025471398,7.877765652030759
2020-10-31,Calcium Nitrate,225.79445382295913,6.194498001847306,3.473634156593155,0.048398861730306796,10.928194550047541
2020-11-30,Calcium Nitrate,227.9057415616255,7.199009105432889,2.0642987820839926,0.04047284363258369,9.223993441191698
2020-12-31,Calcium Nitrate,212.65894358930706,6.768007129030912,3.188063370394527,0.03581551854086163,7.616490337002874
2021-01-31,Calcium Nitrate,222.67527580623957,6.871171261134264,1.8655407547942797,0.013637585883625394,3.036753197967564
2021-02-28,Calcium Nitrate,223.90661002223482,6.90762591496436,3.2001789595602097,0.012585508874774241,2.8179786275554513
2021-03-31,Calcium Nitrate,220.11366455085866,5.721178548096437,2.568861553886723,0.015951048082782457,3.511043646928195
2021-04-30,Calcium Nitrate,224.66186773825322,7.070602847400418,2.765227258402994,0.03763705484504357,8.455611037654561
2021-05-31,Calcium Nitrate,224.41011578548637,7.274233155295843,3.40570239032258,0.03176264161406858,7.127858082266038
2021-06-30,Calcium Nitrate,240.148687783845,7.075685699551573,2.952006760843627,0.03344876353301385,8.032676670445403
2021-07-31,Calcium Nitrate,237.50233068663536,5.944005098338142,1.656463150428108,0.013288177817699448,3.155973202282067
2021-08-31,Calcium Nitrate,240.63053072578916,7.358846398783434,2.1587154196348957,0.04464145789773859,10.742097706305808
2021-09-30,Calcium Nitrate,239.34208120537082,5.6098196632287785,2.695498859849066,0.02688801265150636,6.435432907487873
2021-10-31,Calcium Nitrate,231.5614975288468,6.786323257612912,3.121794405160042,0.022950173800740412,5.314376613846755
2021-11-30,Calcium Nitrate,236.06916630976204,6.948333203259972,1.5750010160797894,0.0451410556112171,10.656411364482626
2021-12-31,Calcium Nitrate,242.63551859690892,6.030493866411908,2.562275399084175,0.040269174502894786,9.770732038979299
2022-01-31,Calcium Nitrate,235.58662830627145,5.752857952023139,2.240589043088597,0.012537274944258853,2.9536143322666404
2022-02-28,Calcium Nitrate,246.7824865210539,6.018282392395632,1.5210492164053429,0.04764436662344868,11.757795264055375
2022-03-31,Calcium Nitrate,243.5475476096339,6.003641381511327,3.4373244297952117,0.017355999759394877,4.227011177714019
2022-04-30,Calcium Nitrate,244.41803764465118,7.486996341788765,3.383571585360177,0.04058995945824513,9.920918238860224
2022-05-31,Calcium Nitrate,251.401015192754,6.850888055350997,1.9193586847368562,0.032171720750673406,8.088003257217084
2022-06-30,Calcium Nitrate,251.63251821822305,6.129337505030964,2.436289146530427,0.011491622498004363,2.8916659075860247
2022-07-31,Calcium Nitrate,249.18206238850746,7.48879315688696,2.2239712408663763,0.04501652480818947,11.217310493268062
2022-08-31,Calcium Nitrate,258.3697184582064,6.775665520799405,3.312612077978422,0.025329899274034076,6.5444789440069115
2022-09-30,Calcium Nitrate,248.76418019629762,5.607484725903898,1.938451450705784,0.01077283495499441,2.679895455969203
2022-10-31,Calcium Nitrate,258.85560730382423,7.479566874534266,1.778143227634158,0.02489221225764412,6.443488721088166
2022-11-30,Calcium Nitrate,260.3576145822432,5.89147068289893,2.0200496570786273,0.04409117229434859,11.47947244269129
2022-12-31,Calcium Nitrate,257.47003124646886,7.203142805152723,3.483675492920027,0.028354246407197303,7.300368708431167
2023-01-31,Calcium Nitrate,262.2832776965277,6.787109228693553,2.16796525047703,0.03231870515186308,8.476655918138306
2023-02-28,Calcium Nitrate,256.0407943746558,5.67925303084865,2.592735540058048,0.047944066187071956,12.275636792088978
2023-03-31,Calcium Nitrate,268.5688431248044,5.641469769377043,2.1763752772149827,0.02156706550127556,5.792241831274457
2023-04-30,Calcium Nitrate,264.68482420124366,6.346658554965644,1.5409311223697704,0.04866500567550938,12.880888471974725
2023-05-31,Calcium Nitrate,264.6643024973767,7.035597694211548,2.6223806644254375,0.03467940594416806,9.178400785236619
2023-06-30,Calcium Nitrate,274.1991672852325,5.514438384978048,1.6105484400651706,0.026414868419113342,7.242934924469863
2023-07-31,Calcium Nitrate,267.11588268787216,6.777267051441491,1.6542303100328242,0.04626368624365137,12.357765387367705
2023-08-31,Calcium Nitrate,265.2856976961407,6.348613113050531,3.3974683642429513,0.012186355295393896,3.2328657669116283
2023-09-30,Calcium Nitrate,266.2418224957497,7.457183624520706,3.332418235340026,0.03407795663775181,9.072977282166173
2023-10-31,Calcium Nitrate,278.75817346544585,7.344726154752242,2.5263920750056363,0.02736863190891224,7.629229841176495
2023-11-30,Calcium Nitrate,271.03494583594124,5.640936355824147,2.6264567100209897,0.041474419021757525,11.241016913139182
2023-12-31,Calcium Nitrate,287.9254611645652,5.8877955811548714,2.6413693896425645,0.01626631343414375,4.683485796973201
2024-01-31,Calcium Nitrate,270.4612781719051,6.871435029112028,3.3094652649007044,0.01101486944292322,2.9790956684296748
2024-02-29,Calcium Nitrate,291.07728163792655,7.269888887169102,2.989921037358024,0.022632794635800528,6.587892338458263
2024-03-31,Calcium Nitrate,285.37839795812664,6.5680647076515335,1.7038414543258396,0.020097173273750237,5.735299112349722
2024-04-30,Calcium Nitrate,285.57188352186625,7.225145734205598,1.6906991307806059,0.014173636381894998,4.047592037931804
2024-05-31,Calcium Nitrate,285.06640641710226,6.755396582973765,3.026486113344602,0.03177029583219226,9.056644063691287
2024-06-30,Calcium Nitrate,291.52523197460164,6.982206071788767,2.3665226677869073,0.02967664268605935,8.651490143280817
2024-07-31,Calcium Nitrate,291.0825030030966,6.333451486737857,2.0846140583659096,0.03189150513820571,9.283059140165033
2024-08-31,Calcium Nitrate,298.5304622042093,7.447424342285358,2.677770112062084,0.02035492731215731,6.076565858631405
2024-09-30,Calcium Nitrate,295.330091438483,7.3802076509175905,2.6789687842267726,0.035477415423965784,10.477548341160862
2024-10-31,Calcium Nitrate,297.25675735717186,5.531037223594796,2.530938357679579,0.028760621836799248,8.549289186782813
2024-11-30,Calcium Nitrate,296.4343470332528,7.159124702728731,3.043187848151593,0.01752318974552359,5.194475310154076
2024-12-31,Calcium Nitrate,299.71527188139464,5.5597884010438285,2.540242287574654,0.010957369889937252,3.284091095667551
